﻿Type,Local Number,Message,Field 1,Value 1,Units 1,Field 2,Value 2,Units 2,Field 3,Value 3,Units 3,Field 4,Value 4,Units 4,Field 5,Value 5,Units 5,Field 6,Value 6,Units 6,Field 7,Value 7,Units 7,
Definition,0,file_id,serial_number,1,,time_created,1,,manufacturer,1,,product,1,,number,1,,type,1,,
Data,0,file_id,serial_number,"3882708276",,time_created,"788594400",,manufacturer,"1",,garmin_product,"1837",,number,"168",,type,"32",,
Definition,0,device_info,timestamp,1,,serial_number,1,,manufacturer,1,,product,1,,software_version,1,,battery_voltage,1,,hardware_version,1,,
Data,0,device_info,timestamp,"788814840",s,serial_number,"3882708276",,manufacturer,"0",,product,"1837",,software_version,"3.6",,battery_voltage,"5.875",V,hardware_version,"1",,
Definition,1,monitoring,timestamp,1,,cycles,1,,active_time,1,,active_calories,1,,duration_min,1,,activity_type,1,,,,,
Definition,3,monitoring,timestamp_16,1,,current_activity_type_intensity,1,,,,,,,,,,,,,,,,,
Definition,4,monitoring,cycles,1,,timestamp_16,1,,current_activity_type_intensity,1,,,,,,,,,,,,,,
Definition,6,event,timestamp,1,,data16,1,,event,1,,event_type,1,,,,,,,,,,,
Definition,0,monitoring_info,timestamp,1,,local_timestamp,1,,cycles_to_distance,2,,cycles_to_calories,2,,resting_metabolic_rate,1,,activity_type,2,,,,,
Data,0,monitoring_info,timestamp,"788594400",s,local_timestamp,"788572800",s,cycles_to_distance,"1.512|1.944",m/cycle,cycles_to_calories,"0.0438|0.1186",kcal/cycle,resting_metabolic_rate,"2042",kcal / day,activity_type,"6|1",,,,,
Definition,3,monitoring,timestamp_16,1,,current_activity_type_intensity,1,,,,,,,,,,,,,,,,,
Data,3,monitoring,timestamp_16,"27492",s,current_activity_type_intensity,"8",,activity_type,"8",,intensity,"0.0",,,,,,,,,,,
Data,3,monitoring,timestamp_16,"27612",s,current_activity_type_intensity,"72",,activity_type,"8",,intensity,"2.0",,,,,,,,,,,
Data,3,monitoring,timestamp_16,"29172",s,current_activity_type_intensity,"8",,activity_type,"8",,intensity,"0.0",,,,,,,,,,,
Definition,4,monitoring,cycles,1,,timestamp_16,1,,current_activity_type_intensity,1,,,,,,,,,,,,,,
Data,4,monitoring,steps,"100",steps,timestamp_16,"29412",s,current_activity_type_intensity,"70",,activity_type,"6",,intensity,"2.0",,,,,,,,
Data,4,monitoring,steps,"315",steps,timestamp_16,"29892",s,current_activity_type_intensity,"70",,activity_type,"6",,intensity,"2.0",,,,,,,,
Data,3,monitoring,timestamp_16,"30432",s,current_activity_type_intensity,"168",,activity_type,"8",,intensity,"5.0",,,,,,,,,,,
Data,4,monitoring,steps,"322",steps,timestamp_16,"30492",s,current_activity_type_intensity,"38",,activity_type,"6",,intensity,"1.0",,,,,,,,
Data,3,monitoring,timestamp_16,"31032",s,current_activity_type_intensity,"136",,activity_type,"8",,intensity,"4.0",,,,,,,,,,,
Data,4,monitoring,steps,"331",steps,timestamp_16,"31092",s,current_activity_type_intensity,"102",,activity_type,"6",,intensity,"3.0",,,,,,,,
Data,3,monitoring,timestamp_16,"31572",s,current_activity_type_intensity,"136",,activity_type,"8",,intensity,"4.0",,,,,,,,,,,
Data,4,monitoring,steps,"352",steps,timestamp_16,"31632",s,current_activity_type_intensity,"70",,activity_type,"6",,intensity,"2.0",,,,,,,,
Data,3,monitoring,timestamp_16,"31692",s,current_activity_type_intensity,"136",,activity_type,"8",,intensity,"4.0",,,,,,,,,,,
Data,3,monitoring,timestamp_16,"31812",s,current_activity_type_intensity,"8",,activity_type,"8",,intensity,"0.0",,,,,,,,,,,
Data,3,monitoring,timestamp_16,"31932",s,current_activity_type_intensity,"72",,activity_type,"8",,intensity,"2.0",,,,,,,,,,,
Data,3,monitoring,timestamp_16,"31992",s,current_activity_type_intensity,"8",,activity_type,"8",,intensity,"0.0",,,,,,,,,,,
Data,3,monitoring,timestamp_16,"32112",s,current_activity_type_intensity,"104",,activity_type,"8",,intensity,"3.0",,,,,,,,,,,
Data,3,monitoring,timestamp_16,"32172",s,current_activity_type_intensity,"8",,activity_type,"8",,intensity,"0.0",,,,,,,,,,,
Data,3,monitoring,timestamp_16,"32232",s,current_activity_type_intensity,"72",,activity_type,"8",,intensity,"2.0",,,,,,,,,,,
Data,3,monitoring,timestamp_16,"32292",s,current_activity_type_intensity,"8",,activity_type,"8",,intensity,"0.0",,,,,,,,,,,
Data,3,monitoring,timestamp_16,"33372",s,current_activity_type_intensity,"72",,activity_type,"8",,intensity,"2.0",,,,,,,,,,,
Data,3,monitoring,timestamp_16,"33432",s,current_activity_type_intensity,"8",,activity_type,"8",,intensity,"0.0",,,,,,,,,,,
Data,3,monitoring,timestamp_16,"33672",s,current_activity_type_intensity,"104",,activity_type,"8",,intensity,"3.0",,,,,,,,,,,
Definition,6,event,timestamp,1,,data16,1,,event,1,,event_type,1,,,,,,,,,,,
Data,6,event,timestamp,"788628360",s,data16,"1",,event,"41",,event_type,"3",,data,"1",,,,,,,,
Data,3,monitoring,timestamp_16,"33852",s,current_activity_type_intensity,"104",,activity_type,"8",,intensity,"3.0",,,,,,,,,,,
Data,4,monitoring,steps,"368",steps,timestamp_16,"33912",s,current_activity_type_intensity,"70",,activity_type,"6",,intensity,"2.0",,,,,,,,
Data,3,monitoring,timestamp_16,"34212",s,current_activity_type_intensity,"104",,activity_type,"8",,intensity,"3.0",,,,,,,,,,,
Data,3,monitoring,timestamp_16,"34272",s,current_activity_type_intensity,"8",,activity_type,"8",,intensity,"0.0",,,,,,,,,,,
Data,3,monitoring,timestamp_16,"34572",s,current_activity_type_intensity,"72",,activity_type,"8",,intensity,"2.0",,,,,,,,,,,
Data,6,event,timestamp,"788629260",s,data16,"2",,event,"41",,event_type,"3",,data,"2",,,,,,,,
Data,3,monitoring,timestamp_16,"34752",s,current_activity_type_intensity,"72",,activity_type,"8",,intensity,"2.0",,,,,,,,,,,
Data,3,monitoring,timestamp_16,"34812",s,current_activity_type_intensity,"8",,activity_type,"8",,intensity,"0.0",,,,,,,,,,,
Data,3,monitoring,timestamp_16,"34872",s,current_activity_type_intensity,"104",,activity_type,"8",,intensity,"3.0",,,,,,,,,,,
Data,4,monitoring,steps,"386",steps,timestamp_16,"34992",s,current_activity_type_intensity,"102",,activity_type,"6",,intensity,"3.0",,,,,,,,
Data,3,monitoring,timestamp_16,"35172",s,current_activity_type_intensity,"72",,activity_type,"8",,intensity,"2.0",,,,,,,,,,,
Data,3,monitoring,timestamp_16,"35232",s,current_activity_type_intensity,"8",,activity_type,"8",,intensity,"0.0",,,,,,,,,,,
Data,3,monitoring,timestamp_16,"35292",s,current_activity_type_intensity,"40",,activity_type,"8",,intensity,"1.0",,,,,,,,,,,
Data,4,monitoring,steps,"393",steps,timestamp_16,"35352",s,current_activity_type_intensity,"38",,activity_type,"6",,intensity,"1.0",,,,,,,,
Data,3,monitoring,timestamp_16,"35472",s,current_activity_type_intensity,"136",,activity_type,"8",,intensity,"4.0",,,,,,,,,,,
Data,6,event,timestamp,"788630160",s,data16,"3",,event,"41",,event_type,"3",,data,"3",,,,,,,,
Data,3,monitoring,timestamp_16,"35532",s,current_activity_type_intensity,"40",,activity_type,"8",,intensity,"1.0",,,,,,,,,,,
Data,3,monitoring,timestamp_16,"35592",s,current_activity_type_intensity,"8",,activity_type,"8",,intensity,"0.0",,,,,,,,,,,
Data,3,monitoring,timestamp_16,"36132",s,current_activity_type_intensity,"72",,activity_type,"8",,intensity,"2.0",,,,,,,,,,,
Data,4,monitoring,steps,"410",steps,timestamp_16,"36192",s,current_activity_type_intensity,"102",,activity_type,"6",,intensity,"3.0",,,,,,,,
Data,3,monitoring,timestamp_16,"36252",s,current_activity_type_intensity,"136",,activity_type,"8",,intensity,"4.0",,,,,,,,,,,
Data,4,monitoring,steps,"417",steps,timestamp_16,"36312",s,current_activity_type_intensity,"6",,activity_type,"6",,intensity,"0.0",,,,,,,,
Data,3,monitoring,timestamp_16,"36372",s,current_activity_type_intensity,"136",,activity_type,"8",,intensity,"4.0",,,,,,,,,,,
Data,6,event,timestamp,"788631060",s,data16,"4",,event,"41",,event_type,"3",,data,"4",,,,,,,,
Data,4,monitoring,steps,"424",steps,timestamp_16,"36432",s,current_activity_type_intensity,"38",,activity_type,"6",,intensity,"1.0",,,,,,,,
Data,3,monitoring,timestamp_16,"36552",s,current_activity_type_intensity,"136",,activity_type,"8",,intensity,"4.0",,,,,,,,,,,
Data,4,monitoring,steps,"437",steps,timestamp_16,"36612",s,current_activity_type_intensity,"102",,activity_type,"6",,intensity,"3.0",,,,,,,,
Data,3,monitoring,timestamp_16,"36912",s,current_activity_type_intensity,"104",,activity_type,"8",,intensity,"3.0",,,,,,,,,,,
Data,3,monitoring,timestamp_16,"37032",s,current_activity_type_intensity,"8",,activity_type,"8",,intensity,"0.0",,,,,,,,,,,
Data,3,monitoring,timestamp_16,"37272",s,current_activity_type_intensity,"104",,activity_type,"8",,intensity,"3.0",,,,,,,,,,,
Data,6,event,timestamp,"788631960",s,data16,"5",,event,"41",,event_type,"3",,data,"5",,,,,,,,
Data,3,monitoring,timestamp_16,"37872",s,current_activity_type_intensity,"104",,activity_type,"8",,intensity,"3.0",,,,,,,,,,,
Data,4,monitoring,steps,"31",steps,timestamp_16,"37932",s,current_activity_type_intensity,"161",,activity_type,"1",,intensity,"5.0",,,,,,,,
Data,4,monitoring,steps,"667",steps,timestamp_16,"38232",s,current_activity_type_intensity,"70",,activity_type,"6",,intensity,"2.0",,,,,,,,
Data,3,monitoring,timestamp_16,"38772",s,current_activity_type_intensity,"168",,activity_type,"8",,intensity,"5.0",,,,,,,,,,,
Data,3,monitoring,timestamp_16,"38832",s,current_activity_type_intensity,"8",,activity_type,"8",,intensity,"0.0",,,,,,,,,,,
Data,3,monitoring,timestamp_16,"39132",s,current_activity_type_intensity,"104",,activity_type,"8",,intensity,"3.0",,,,,,,,,,,
Data,3,monitoring,timestamp_16,"39192",s,current_activity_type_intensity,"8",,activity_type,"8",,intensity,"0.0",,,,,,,,,,,
Data,3,monitoring,timestamp_16,"40152",s,current_activity_type_intensity,"72",,activity_type,"8",,intensity,"2.0",,,,,,,,,,,
Data,3,monitoring,timestamp_16,"40212",s,current_activity_type_intensity,"8",,activity_type,"8",,intensity,"0.0",,,,,,,,,,,
Data,3,monitoring,timestamp_16,"40512",s,current_activity_type_intensity,"104",,activity_type,"8",,intensity,"3.0",,,,,,,,,,,
Data,4,monitoring,steps,"700",steps,timestamp_16,"40572",s,current_activity_type_intensity,"134",,activity_type,"6",,intensity,"4.0",,,,,,,,
Data,3,monitoring,timestamp_16,"40932",s,current_activity_type_intensity,"136",,activity_type,"8",,intensity,"4.0",,,,,,,,,,,
Data,4,monitoring,steps,"735",steps,timestamp_16,"41052",s,current_activity_type_intensity,"70",,activity_type,"6",,intensity,"2.0",,,,,,,,
Data,3,monitoring,timestamp_16,"41232",s,current_activity_type_intensity,"200",,activity_type,"8",,intensity,"6.0",,,,,,,,,,,
Data,4,monitoring,steps,"753",steps,timestamp_16,"41352",s,current_activity_type_intensity,"38",,activity_type,"6",,intensity,"1.0",,,,,,,,
Data,3,monitoring,timestamp_16,"41892",s,current_activity_type_intensity,"168",,activity_type,"8",,intensity,"5.0",,,,,,,,,,,
Data,4,monitoring,steps,"783",steps,timestamp_16,"41952",s,current_activity_type_intensity,"70",,activity_type,"6",,intensity,"2.0",,,,,,,,
Data,3,monitoring,timestamp_16,"42792",s,current_activity_type_intensity,"136",,activity_type,"8",,intensity,"4.0",,,,,,,,,,,
Data,4,monitoring,steps,"812",steps,timestamp_16,"42912",s,current_activity_type_intensity,"70",,activity_type,"6",,intensity,"2.0",,,,,,,,
Data,3,monitoring,timestamp_16,"43032",s,current_activity_type_intensity,"168",,activity_type,"8",,intensity,"5.0",,,,,,,,,,,
Data,4,monitoring,steps,"821",steps,timestamp_16,"43092",s,current_activity_type_intensity,"38",,activity_type,"6",,intensity,"1.0",,,,,,,,
Data,3,monitoring,timestamp_16,"43152",s,current_activity_type_intensity,"200",,activity_type,"8",,intensity,"6.0",,,,,,,,,,,
Data,4,monitoring,steps,"883",steps,timestamp_16,"43212",s,current_activity_type_intensity,"70",,activity_type,"6",,intensity,"2.0",,,,,,,,
Data,3,monitoring,timestamp_16,"43272",s,current_activity_type_intensity,"232",,activity_type,"8",,intensity,"7.0",,,,,,,,,,,
Data,4,monitoring,steps,"906",steps,timestamp_16,"43332",s,current_activity_type_intensity,"38",,activity_type,"6",,intensity,"1.0",,,,,,,,
Data,3,monitoring,timestamp_16,"43392",s,current_activity_type_intensity,"200",,activity_type,"8",,intensity,"6.0",,,,,,,,,,,
Data,4,monitoring,steps,"1120",steps,timestamp_16,"43632",s,current_activity_type_intensity,"102",,activity_type,"6",,intensity,"3.0",,,,,,,,
Data,3,monitoring,timestamp_16,"43633",s,current_activity_type_intensity,"232",,activity_type,"8",,intensity,"7.0",,,,,,,,,,,
Data,6,event,timestamp,"788638321",s,data16,"256",,event,"41",,event_type,"3",,data,"256",,,,,,,,
Data,4,monitoring,steps,"1202",steps,timestamp_16,"43812",s,current_activity_type_intensity,"134",,activity_type,"6",,intensity,"4.0",,,,,,,,
Data,4,monitoring,steps,"1246",steps,timestamp_16,"43932",s,current_activity_type_intensity,"38",,activity_type,"6",,intensity,"1.0",,,,,,,,
Data,3,monitoring,timestamp_16,"44412",s,current_activity_type_intensity,"200",,activity_type,"8",,intensity,"6.0",,,,,,,,,,,
Data,4,monitoring,steps,"1309",steps,timestamp_16,"44592",s,current_activity_type_intensity,"102",,activity_type,"6",,intensity,"3.0",,,,,,,,
Data,3,monitoring,timestamp_16,"45492",s,current_activity_type_intensity,"136",,activity_type,"8",,intensity,"4.0",,,,,,,,,,,
Data,3,monitoring,timestamp_16,"45552",s,current_activity_type_intensity,"8",,activity_type,"8",,intensity,"0.0",,,,,,,,,,,
Data,3,monitoring,timestamp_16,"46692",s,current_activity_type_intensity,"136",,activity_type,"8",,intensity,"4.0",,,,,,,,,,,
Data,3,monitoring,timestamp_16,"46752",s,current_activity_type_intensity,"8",,activity_type,"8",,intensity,"0.0",,,,,,,,,,,
Data,3,monitoring,timestamp_16,"46932",s,current_activity_type_intensity,"104",,activity_type,"8",,intensity,"3.0",,,,,,,,,,,
Data,3,monitoring,timestamp_16,"47112",s,current_activity_type_intensity,"8",,activity_type,"8",,intensity,"0.0",,,,,,,,,,,
Data,3,monitoring,timestamp_16,"47172",s,current_activity_type_intensity,"104",,activity_type,"8",,intensity,"3.0",,,,,,,,,,,
Data,3,monitoring,timestamp_16,"47232",s,current_activity_type_intensity,"8",,activity_type,"8",,intensity,"0.0",,,,,,,,,,,
Data,3,monitoring,timestamp_16,"47352",s,current_activity_type_intensity,"104",,activity_type,"8",,intensity,"3.0",,,,,,,,,,,
Data,3,monitoring,timestamp_16,"47472",s,current_activity_type_intensity,"8",,activity_type,"8",,intensity,"0.0",,,,,,,,,,,
Data,4,monitoring,steps,"1368",steps,timestamp_16,"47712",s,current_activity_type_intensity,"38",,activity_type,"6",,intensity,"1.0",,,,,,,,
Data,3,monitoring,timestamp_16,"48072",s,current_activity_type_intensity,"168",,activity_type,"8",,intensity,"5.0",,,,,,,,,,,
Data,6,event,timestamp,"788642760",s,data16,"1",,event,"41",,event_type,"3",,data,"1",,,,,,,,
Data,3,monitoring,timestamp_16,"48132",s,current_activity_type_intensity,"104",,activity_type,"8",,intensity,"3.0",,,,,,,,,,,
Data,3,monitoring,timestamp_16,"48252",s,current_activity_type_intensity,"8",,activity_type,"8",,intensity,"0.0",,,,,,,,,,,
Data,3,monitoring,timestamp_16,"48432",s,current_activity_type_intensity,"104",,activity_type,"8",,intensity,"3.0",,,,,,,,,,,
Data,4,monitoring,steps,"1429",steps,timestamp_16,"48612",s,current_activity_type_intensity,"38",,activity_type,"6",,intensity,"1.0",,,,,,,,
Data,3,monitoring,timestamp_16,"48672",s,current_activity_type_intensity,"232",,activity_type,"8",,intensity,"7.0",,,,,,,,,,,
Data,4,monitoring,steps,"1486",steps,timestamp_16,"48852",s,current_activity_type_intensity,"38",,activity_type,"6",,intensity,"1.0",,,,,,,,
Data,3,monitoring,timestamp_16,"48912",s,current_activity_type_intensity,"200",,activity_type,"8",,intensity,"6.0",,,,,,,,,,,
Data,4,monitoring,steps,"1510",steps,timestamp_16,"48972",s,current_activity_type_intensity,"38",,activity_type,"6",,intensity,"1.0",,,,,,,,
Data,6,event,timestamp,"788643660",s,data16,"2",,event,"41",,event_type,"3",,data,"2",,,,,,,,
Data,4,monitoring,steps,"1527",steps,timestamp_16,"49032",s,current_activity_type_intensity,"102",,activity_type,"6",,intensity,"3.0",,,,,,,,
Data,3,monitoring,timestamp_16,"49212",s,current_activity_type_intensity,"168",,activity_type,"8",,intensity,"5.0",,,,,,,,,,,
Data,4,monitoring,steps,"1534",steps,timestamp_16,"49272",s,current_activity_type_intensity,"6",,activity_type,"6",,intensity,"0.0",,,,,,,,
Data,3,monitoring,timestamp_16,"49452",s,current_activity_type_intensity,"168",,activity_type,"8",,intensity,"5.0",,,,,,,,,,,
Data,4,monitoring,steps,"1656",steps,timestamp_16,"49564",s,current_activity_type_intensity,"70",,activity_type,"6",,intensity,"2.0",,,,,,,,
Data,6,event,timestamp,"788644252",s,data16,"256",,event,"41",,event_type,"3",,data,"256",,,,,,,,
Data,4,monitoring,steps,"1685",steps,timestamp_16,"49632",s,current_activity_type_intensity,"38",,activity_type,"6",,intensity,"1.0",,,,,,,,
Data,3,monitoring,timestamp_16,"49692",s,current_activity_type_intensity,"232",,activity_type,"8",,intensity,"7.0",,,,,,,,,,,
Data,4,monitoring,steps,"1703",steps,timestamp_16,"49812",s,current_activity_type_intensity,"38",,activity_type,"6",,intensity,"1.0",,,,,,,,
Data,3,monitoring,timestamp_16,"49992",s,current_activity_type_intensity,"136",,activity_type,"8",,intensity,"4.0",,,,,,,,,,,
Data,3,monitoring,timestamp_16,"50112",s,current_activity_type_intensity,"8",,activity_type,"8",,intensity,"0.0",,,,,,,,,,,
Data,3,monitoring,timestamp_16,"50472",s,current_activity_type_intensity,"104",,activity_type,"8",,intensity,"3.0",,,,,,,,,,,
Data,4,monitoring,steps,"1714",steps,timestamp_16,"50532",s,current_activity_type_intensity,"38",,activity_type,"6",,intensity,"1.0",,,,,,,,
Data,3,monitoring,timestamp_16,"51192",s,current_activity_type_intensity,"104",,activity_type,"8",,intensity,"3.0",,,,,,,,,,,
Data,3,monitoring,timestamp_16,"51312",s,current_activity_type_intensity,"8",,activity_type,"8",,intensity,"0.0",,,,,,,,,,,
Data,3,monitoring,timestamp_16,"51432",s,current_activity_type_intensity,"136",,activity_type,"8",,intensity,"4.0",,,,,,,,,,,
Data,3,monitoring,timestamp_16,"51492",s,current_activity_type_intensity,"8",,activity_type,"8",,intensity,"0.0",,,,,,,,,,,
Data,3,monitoring,timestamp_16,"51612",s,current_activity_type_intensity,"104",,activity_type,"8",,intensity,"3.0",,,,,,,,,,,
Data,3,monitoring,timestamp_16,"51732",s,current_activity_type_intensity,"8",,activity_type,"8",,intensity,"0.0",,,,,,,,,,,
Data,4,monitoring,steps,"1740",steps,timestamp_16,"51852",s,current_activity_type_intensity,"102",,activity_type,"6",,intensity,"3.0",,,,,,,,
Data,3,monitoring,timestamp_16,"51912",s,current_activity_type_intensity,"200",,activity_type,"8",,intensity,"6.0",,,,,,,,,,,
Data,3,monitoring,timestamp_16,"51972",s,current_activity_type_intensity,"8",,activity_type,"8",,intensity,"0.0",,,,,,,,,,,
Data,3,monitoring,timestamp_16,"52032",s,current_activity_type_intensity,"40",,activity_type,"8",,intensity,"1.0",,,,,,,,,,,
Data,3,monitoring,timestamp_16,"52092",s,current_activity_type_intensity,"8",,activity_type,"8",,intensity,"0.0",,,,,,,,,,,
Data,3,monitoring,timestamp_16,"52152",s,current_activity_type_intensity,"72",,activity_type,"8",,intensity,"2.0",,,,,,,,,,,
Data,3,monitoring,timestamp_16,"52332",s,current_activity_type_intensity,"8",,activity_type,"8",,intensity,"0.0",,,,,,,,,,,
Data,3,monitoring,timestamp_16,"52692",s,current_activity_type_intensity,"72",,activity_type,"8",,intensity,"2.0",,,,,,,,,,,
Data,3,monitoring,timestamp_16,"52812",s,current_activity_type_intensity,"8",,activity_type,"8",,intensity,"0.0",,,,,,,,,,,
Data,3,monitoring,timestamp_16,"52932",s,current_activity_type_intensity,"104",,activity_type,"8",,intensity,"3.0",,,,,,,,,,,
Data,3,monitoring,timestamp_16,"53112",s,current_activity_type_intensity,"8",,activity_type,"8",,intensity,"0.0",,,,,,,,,,,
Data,6,event,timestamp,"788647800",s,data16,"1",,event,"41",,event_type,"3",,data,"1",,,,,,,,
Data,3,monitoring,timestamp_16,"53412",s,current_activity_type_intensity,"8",,activity_type,"8",,intensity,"0.0",,,,,,,,,,,
Data,3,monitoring,timestamp_16,"53592",s,current_activity_type_intensity,"72",,activity_type,"8",,intensity,"2.0",,,,,,,,,,,
Data,3,monitoring,timestamp_16,"53832",s,current_activity_type_intensity,"8",,activity_type,"8",,intensity,"0.0",,,,,,,,,,,
Data,3,monitoring,timestamp_16,"54012",s,current_activity_type_intensity,"136",,activity_type,"8",,intensity,"4.0",,,,,,,,,,,
Data,6,event,timestamp,"788648700",s,data16,"2",,event,"41",,event_type,"3",,data,"2",,,,,,,,
Data,4,monitoring,steps,"1749",steps,timestamp_16,"54072",s,current_activity_type_intensity,"70",,activity_type,"6",,intensity,"2.0",,,,,,,,
Data,3,monitoring,timestamp_16,"54192",s,current_activity_type_intensity,"136",,activity_type,"8",,intensity,"4.0",,,,,,,,,,,
Data,3,monitoring,timestamp_16,"54252",s,current_activity_type_intensity,"8",,activity_type,"8",,intensity,"0.0",,,,,,,,,,,
Data,3,monitoring,timestamp_16,"54552",s,current_activity_type_intensity,"136",,activity_type,"8",,intensity,"4.0",,,,,,,,,,,
Data,3,monitoring,timestamp_16,"54612",s,current_activity_type_intensity,"8",,activity_type,"8",,intensity,"0.0",,,,,,,,,,,
Data,3,monitoring,timestamp_16,"54732",s,current_activity_type_intensity,"104",,activity_type,"8",,intensity,"3.0",,,,,,,,,,,
Data,3,monitoring,timestamp_16,"54792",s,current_activity_type_intensity,"8",,activity_type,"8",,intensity,"0.0",,,,,,,,,,,
Data,3,monitoring,timestamp_16,"54852",s,current_activity_type_intensity,"40",,activity_type,"8",,intensity,"1.0",,,,,,,,,,,
Data,3,monitoring,timestamp_16,"54912",s,current_activity_type_intensity,"8",,activity_type,"8",,intensity,"0.0",,,,,,,,,,,
Data,6,event,timestamp,"788649600",s,data16,"3",,event,"41",,event_type,"3",,data,"3",,,,,,,,
Data,3,monitoring,timestamp_16,"54972",s,current_activity_type_intensity,"8",,activity_type,"8",,intensity,"0.0",,,,,,,,,,,
Data,3,monitoring,timestamp_16,"55032",s,current_activity_type_intensity,"72",,activity_type,"8",,intensity,"2.0",,,,,,,,,,,
Data,3,monitoring,timestamp_16,"55212",s,current_activity_type_intensity,"8",,activity_type,"8",,intensity,"0.0",,,,,,,,,,,
Data,3,monitoring,timestamp_16,"55272",s,current_activity_type_intensity,"40",,activity_type,"8",,intensity,"1.0",,,,,,,,,,,
Data,3,monitoring,timestamp_16,"55332",s,current_activity_type_intensity,"8",,activity_type,"8",,intensity,"0.0",,,,,,,,,,,
Data,3,monitoring,timestamp_16,"55392",s,current_activity_type_intensity,"40",,activity_type,"8",,intensity,"1.0",,,,,,,,,,,
Data,3,monitoring,timestamp_16,"55572",s,current_activity_type_intensity,"8",,activity_type,"8",,intensity,"0.0",,,,,,,,,,,
Data,3,monitoring,timestamp_16,"55692",s,current_activity_type_intensity,"72",,activity_type,"8",,intensity,"2.0",,,,,,,,,,,
Data,3,monitoring,timestamp_16,"55752",s,current_activity_type_intensity,"8",,activity_type,"8",,intensity,"0.0",,,,,,,,,,,
Data,3,monitoring,timestamp_16,"55812",s,current_activity_type_intensity,"72",,activity_type,"8",,intensity,"2.0",,,,,,,,,,,
Data,6,event,timestamp,"788650500",s,data16,"4",,event,"41",,event_type,"3",,data,"4",,,,,,,,
Data,3,monitoring,timestamp_16,"55932",s,current_activity_type_intensity,"104",,activity_type,"8",,intensity,"3.0",,,,,,,,,,,
Data,3,monitoring,timestamp_16,"56412",s,current_activity_type_intensity,"8",,activity_type,"8",,intensity,"0.0",,,,,,,,,,,
Data,3,monitoring,timestamp_16,"56472",s,current_activity_type_intensity,"72",,activity_type,"8",,intensity,"2.0",,,,,,,,,,,
Data,3,monitoring,timestamp_16,"56532",s,current_activity_type_intensity,"8",,activity_type,"8",,intensity,"0.0",,,,,,,,,,,
Data,3,monitoring,timestamp_16,"56592",s,current_activity_type_intensity,"72",,activity_type,"8",,intensity,"2.0",,,,,,,,,,,
Data,3,monitoring,timestamp_16,"56712",s,current_activity_type_intensity,"8",,activity_type,"8",,intensity,"0.0",,,,,,,,,,,
Data,6,event,timestamp,"788651400",s,data16,"5",,event,"41",,event_type,"3",,data,"5",,,,,,,,
Data,3,monitoring,timestamp_16,"56832",s,current_activity_type_intensity,"72",,activity_type,"8",,intensity,"2.0",,,,,,,,,,,
Data,3,monitoring,timestamp_16,"57252",s,current_activity_type_intensity,"8",,activity_type,"8",,intensity,"0.0",,,,,,,,,,,
Data,3,monitoring,timestamp_16,"57312",s,current_activity_type_intensity,"40",,activity_type,"8",,intensity,"1.0",,,,,,,,,,,
Data,3,monitoring,timestamp_16,"57372",s,current_activity_type_intensity,"8",,activity_type,"8",,intensity,"0.0",,,,,,,,,,,
Data,3,monitoring,timestamp_16,"57672",s,current_activity_type_intensity,"136",,activity_type,"8",,intensity,"4.0",,,,,,,,,,,
Data,4,monitoring,steps,"1760",steps,timestamp_16,"57732",s,current_activity_type_intensity,"134",,activity_type,"6",,intensity,"4.0",,,,,,,,
Data,3,monitoring,timestamp_16,"57972",s,current_activity_type_intensity,"168",,activity_type,"8",,intensity,"5.0",,,,,,,,,,,
Data,3,monitoring,timestamp_16,"58152",s,current_activity_type_intensity,"8",,activity_type,"8",,intensity,"0.0",,,,,,,,,,,
Data,3,monitoring,timestamp_16,"58272",s,current_activity_type_intensity,"104",,activity_type,"8",,intensity,"3.0",,,,,,,,,,,
Data,4,monitoring,steps,"1806",steps,timestamp_16,"58332",s,current_activity_type_intensity,"70",,activity_type,"6",,intensity,"2.0",,,,,,,,
Data,3,monitoring,timestamp_16,"58392",s,current_activity_type_intensity,"168",,activity_type,"8",,intensity,"5.0",,,,,,,,,,,
Data,3,monitoring,timestamp_16,"58452",s,current_activity_type_intensity,"8",,activity_type,"8",,intensity,"0.0",,,,,,,,,,,
Data,3,monitoring,timestamp_16,"58512",s,current_activity_type_intensity,"72",,activity_type,"8",,intensity,"2.0",,,,,,,,,,,
Data,3,monitoring,timestamp_16,"58572",s,current_activity_type_intensity,"8",,activity_type,"8",,intensity,"0.0",,,,,,,,,,,
Data,3,monitoring,timestamp_16,"58692",s,current_activity_type_intensity,"104",,activity_type,"8",,intensity,"3.0",,,,,,,,,,,
Data,3,monitoring,timestamp_16,"59352",s,current_activity_type_intensity,"8",,activity_type,"8",,intensity,"0.0",,,,,,,,,,,
Data,3,monitoring,timestamp_16,"59412",s,current_activity_type_intensity,"40",,activity_type,"8",,intensity,"1.0",,,,,,,,,,,
Data,3,monitoring,timestamp_16,"59472",s,current_activity_type_intensity,"8",,activity_type,"8",,intensity,"0.0",,,,,,,,,,,
Data,3,monitoring,timestamp_16,"59592",s,current_activity_type_intensity,"136",,activity_type,"8",,intensity,"4.0",,,,,,,,,,,
Data,3,monitoring,timestamp_16,"60192",s,current_activity_type_intensity,"8",,activity_type,"8",,intensity,"0.0",,,,,,,,,,,
Data,3,monitoring,timestamp_16,"60252",s,current_activity_type_intensity,"72",,activity_type,"8",,intensity,"2.0",,,,,,,,,,,
Data,3,monitoring,timestamp_16,"60432",s,current_activity_type_intensity,"8",,activity_type,"8",,intensity,"0.0",,,,,,,,,,,
Data,3,monitoring,timestamp_16,"60552",s,current_activity_type_intensity,"136",,activity_type,"8",,intensity,"4.0",,,,,,,,,,,
Data,3,monitoring,timestamp_16,"60732",s,current_activity_type_intensity,"8",,activity_type,"8",,intensity,"0.0",,,,,,,,,,,
Data,3,monitoring,timestamp_16,"60792",s,current_activity_type_intensity,"104",,activity_type,"8",,intensity,"3.0",,,,,,,,,,,
Data,3,monitoring,timestamp_16,"60912",s,current_activity_type_intensity,"8",,activity_type,"8",,intensity,"0.0",,,,,,,,,,,
Data,3,monitoring,timestamp_16,"61152",s,current_activity_type_intensity,"104",,activity_type,"8",,intensity,"3.0",,,,,,,,,,,
Data,3,monitoring,timestamp_16,"61212",s,current_activity_type_intensity,"8",,activity_type,"8",,intensity,"0.0",,,,,,,,,,,
Data,3,monitoring,timestamp_16,"61272",s,current_activity_type_intensity,"168",,activity_type,"8",,intensity,"5.0",,,,,,,,,,,
Data,4,monitoring,steps,"1813",steps,timestamp_16,"61332",s,current_activity_type_intensity,"6",,activity_type,"6",,intensity,"0.0",,,,,,,,
Data,3,monitoring,timestamp_16,"61392",s,current_activity_type_intensity,"232",,activity_type,"8",,intensity,"7.0",,,,,,,,,,,
Data,4,monitoring,steps,"1834",steps,timestamp_16,"61452",s,current_activity_type_intensity,"70",,activity_type,"6",,intensity,"2.0",,,,,,,,
Data,3,monitoring,timestamp_16,"61512",s,current_activity_type_intensity,"200",,activity_type,"8",,intensity,"6.0",,,,,,,,,,,
Data,4,monitoring,steps,"2034",steps,timestamp_16,"61812",s,current_activity_type_intensity,"70",,activity_type,"6",,intensity,"2.0",,,,,,,,
Data,4,monitoring,steps,"2065",steps,timestamp_16,"61872",s,current_activity_type_intensity,"102",,activity_type,"6",,intensity,"3.0",,,,,,,,
Data,3,monitoring,timestamp_16,"62352",s,current_activity_type_intensity,"168",,activity_type,"8",,intensity,"5.0",,,,,,,,,,,
Data,4,monitoring,steps,"2225",steps,timestamp_16,"62712",s,current_activity_type_intensity,"38",,activity_type,"6",,intensity,"1.0",,,,,,,,
Data,4,monitoring,steps,"2240",steps,timestamp_16,"62772",s,current_activity_type_intensity,"38",,activity_type,"6",,intensity,"1.0",,,,,,,,
Data,3,monitoring,timestamp_16,"63072",s,current_activity_type_intensity,"168",,activity_type,"8",,intensity,"5.0",,,,,,,,,,,
Data,3,monitoring,timestamp_16,"63132",s,current_activity_type_intensity,"8",,activity_type,"8",,intensity,"0.0",,,,,,,,,,,
Data,3,monitoring,timestamp_16,"63312",s,current_activity_type_intensity,"72",,activity_type,"8",,intensity,"2.0",,,,,,,,,,,
Data,3,monitoring,timestamp_16,"63612",s,current_activity_type_intensity,"8",,activity_type,"8",,intensity,"0.0",,,,,,,,,,,
Data,3,monitoring,timestamp_16,"63672",s,current_activity_type_intensity,"72",,activity_type,"8",,intensity,"2.0",,,,,,,,,,,
Data,3,monitoring,timestamp_16,"64032",s,current_activity_type_intensity,"8",,activity_type,"8",,intensity,"0.0",,,,,,,,,,,
Data,3,monitoring,timestamp_16,"64092",s,current_activity_type_intensity,"40",,activity_type,"8",,intensity,"1.0",,,,,,,,,,,
Data,3,monitoring,timestamp_16,"64152",s,current_activity_type_intensity,"8",,activity_type,"8",,intensity,"0.0",,,,,,,,,,,
Data,3,monitoring,timestamp_16,"64212",s,current_activity_type_intensity,"72",,activity_type,"8",,intensity,"2.0",,,,,,,,,,,
Data,3,monitoring,timestamp_16,"64392",s,current_activity_type_intensity,"8",,activity_type,"8",,intensity,"0.0",,,,,,,,,,,
Data,3,monitoring,timestamp_16,"64452",s,current_activity_type_intensity,"40",,activity_type,"8",,intensity,"1.0",,,,,,,,,,,
Data,3,monitoring,timestamp_16,"64512",s,current_activity_type_intensity,"8",,activity_type,"8",,intensity,"0.0",,,,,,,,,,,
Data,4,monitoring,steps,"2266",steps,timestamp_16,"64572",s,current_activity_type_intensity,"38",,activity_type,"6",,intensity,"1.0",,,,,,,,
Data,3,monitoring,timestamp_16,"65292",s,current_activity_type_intensity,"136",,activity_type,"8",,intensity,"4.0",,,,,,,,,,,
Data,4,monitoring,steps,"2302",steps,timestamp_16,"65412",s,current_activity_type_intensity,"70",,activity_type,"6",,intensity,"2.0",,,,,,,,
Data,3,monitoring,timestamp_16,"416",s,current_activity_type_intensity,"136",,activity_type,"8",,intensity,"4.0",,,,,,,,,,,
Data,4,monitoring,steps,"2317",steps,timestamp_16,"476",s,current_activity_type_intensity,"6",,activity_type,"6",,intensity,"0.0",,,,,,,,
Data,3,monitoring,timestamp_16,"956",s,current_activity_type_intensity,"104",,activity_type,"8",,intensity,"3.0",,,,,,,,,,,
Data,3,monitoring,timestamp_16,"1016",s,current_activity_type_intensity,"8",,activity_type,"8",,intensity,"0.0",,,,,,,,,,,
Data,3,monitoring,timestamp_16,"1136",s,current_activity_type_intensity,"104",,activity_type,"8",,intensity,"3.0",,,,,,,,,,,
Data,4,monitoring,steps,"2340",steps,timestamp_16,"1196",s,current_activity_type_intensity,"102",,activity_type,"6",,intensity,"3.0",,,,,,,,
Data,3,monitoring,timestamp_16,"1316",s,current_activity_type_intensity,"168",,activity_type,"8",,intensity,"5.0",,,,,,,,,,,
Data,4,monitoring,steps,"2385",steps,timestamp_16,"1376",s,current_activity_type_intensity,"38",,activity_type,"6",,intensity,"1.0",,,,,,,,
Data,3,monitoring,timestamp_16,"2216",s,current_activity_type_intensity,"136",,activity_type,"8",,intensity,"4.0",,,,,,,,,,,
Data,3,monitoring,timestamp_16,"2276",s,current_activity_type_intensity,"8",,activity_type,"8",,intensity,"0.0",,,,,,,,,,,
Data,3,monitoring,timestamp_16,"2576",s,current_activity_type_intensity,"136",,activity_type,"8",,intensity,"4.0",,,,,,,,,,,
Data,3,monitoring,timestamp_16,"2636",s,current_activity_type_intensity,"8",,activity_type,"8",,intensity,"0.0",,,,,,,,,,,
Data,3,monitoring,timestamp_16,"2696",s,current_activity_type_intensity,"104",,activity_type,"8",,intensity,"3.0",,,,,,,,,,,
Data,4,monitoring,steps,"2402",steps,timestamp_16,"2816",s,current_activity_type_intensity,"70",,activity_type,"6",,intensity,"2.0",,,,,,,,
Data,3,monitoring,timestamp_16,"2876",s,current_activity_type_intensity,"200",,activity_type,"8",,intensity,"6.0",,,,,,,,,,,
Data,4,monitoring,steps,"2446",steps,timestamp_16,"2996",s,current_activity_type_intensity,"38",,activity_type,"6",,intensity,"1.0",,,,,,,,
Data,3,monitoring,timestamp_16,"3116",s,current_activity_type_intensity,"200",,activity_type,"8",,intensity,"6.0",,,,,,,,,,,
Data,4,monitoring,steps,"2452",steps,timestamp_16,"3176",s,current_activity_type_intensity,"6",,activity_type,"6",,intensity,"0.0",,,,,,,,
Data,3,monitoring,timestamp_16,"3296",s,current_activity_type_intensity,"168",,activity_type,"8",,intensity,"5.0",,,,,,,,,,,
Data,3,monitoring,timestamp_16,"3356",s,current_activity_type_intensity,"8",,activity_type,"8",,intensity,"0.0",,,,,,,,,,,
Data,3,monitoring,timestamp_16,"3836",s,current_activity_type_intensity,"104",,activity_type,"8",,intensity,"3.0",,,,,,,,,,,
Data,3,monitoring,timestamp_16,"3956",s,current_activity_type_intensity,"8",,activity_type,"8",,intensity,"0.0",,,,,,,,,,,
Data,3,monitoring,timestamp_16,"4496",s,current_activity_type_intensity,"104",,activity_type,"8",,intensity,"3.0",,,,,,,,,,,
Data,3,monitoring,timestamp_16,"4616",s,current_activity_type_intensity,"8",,activity_type,"8",,intensity,"0.0",,,,,,,,,,,
Data,3,monitoring,timestamp_16,"4856",s,current_activity_type_intensity,"168",,activity_type,"8",,intensity,"5.0",,,,,,,,,,,
Data,4,monitoring,steps,"2472",steps,timestamp_16,"4916",s,current_activity_type_intensity,"70",,activity_type,"6",,intensity,"2.0",,,,,,,,
Data,3,monitoring,timestamp_16,"5096",s,current_activity_type_intensity,"136",,activity_type,"8",,intensity,"4.0",,,,,,,,,,,
Data,4,monitoring,steps,"2516",steps,timestamp_16,"5216",s,current_activity_type_intensity,"70",,activity_type,"6",,intensity,"2.0",,,,,,,,
Data,3,monitoring,timestamp_16,"5276",s,current_activity_type_intensity,"200",,activity_type,"8",,intensity,"6.0",,,,,,,,,,,
Data,4,monitoring,steps,"2555",steps,timestamp_16,"5336",s,current_activity_type_intensity,"70",,activity_type,"6",,intensity,"2.0",,,,,,,,
Data,3,monitoring,timestamp_16,"5576",s,current_activity_type_intensity,"168",,activity_type,"8",,intensity,"5.0",,,,,,,,,,,
Data,4,monitoring,steps,"2587",steps,timestamp_16,"5636",s,current_activity_type_intensity,"70",,activity_type,"6",,intensity,"2.0",,,,,,,,
Data,3,monitoring,timestamp_16,"5756",s,current_activity_type_intensity,"168",,activity_type,"8",,intensity,"5.0",,,,,,,,,,,
Data,3,monitoring,timestamp_16,"5816",s,current_activity_type_intensity,"8",,activity_type,"8",,intensity,"0.0",,,,,,,,,,,
Data,3,monitoring,timestamp_16,"5876",s,current_activity_type_intensity,"168",,activity_type,"8",,intensity,"5.0",,,,,,,,,,,
Data,4,monitoring,steps,"2614",steps,timestamp_16,"5936",s,current_activity_type_intensity,"38",,activity_type,"6",,intensity,"1.0",,,,,,,,
Data,3,monitoring,timestamp_16,"6056",s,current_activity_type_intensity,"168",,activity_type,"8",,intensity,"5.0",,,,,,,,,,,
Data,4,monitoring,steps,"2623",steps,timestamp_16,"6116",s,current_activity_type_intensity,"70",,activity_type,"6",,intensity,"2.0",,,,,,,,
Data,3,monitoring,timestamp_16,"6236",s,current_activity_type_intensity,"168",,activity_type,"8",,intensity,"5.0",,,,,,,,,,,
Data,4,monitoring,steps,"2641",steps,timestamp_16,"6296",s,current_activity_type_intensity,"38",,activity_type,"6",,intensity,"1.0",,,,,,,,
Data,3,monitoring,timestamp_16,"6536",s,current_activity_type_intensity,"136",,activity_type,"8",,intensity,"4.0",,,,,,,,,,,
Data,4,monitoring,steps,"2655",steps,timestamp_16,"6596",s,current_activity_type_intensity,"70",,activity_type,"6",,intensity,"2.0",,,,,,,,
Data,3,monitoring,timestamp_16,"6836",s,current_activity_type_intensity,"168",,activity_type,"8",,intensity,"5.0",,,,,,,,,,,
Data,4,monitoring,steps,"2696",steps,timestamp_16,"6896",s,current_activity_type_intensity,"38",,activity_type,"6",,intensity,"1.0",,,,,,,,
Data,3,monitoring,timestamp_16,"7076",s,current_activity_type_intensity,"168",,activity_type,"8",,intensity,"5.0",,,,,,,,,,,
Data,4,monitoring,steps,"2716",steps,timestamp_16,"7196",s,current_activity_type_intensity,"38",,activity_type,"6",,intensity,"1.0",,,,,,,,
Data,3,monitoring,timestamp_16,"7316",s,current_activity_type_intensity,"136",,activity_type,"8",,intensity,"4.0",,,,,,,,,,,
Data,3,monitoring,timestamp_16,"7376",s,current_activity_type_intensity,"8",,activity_type,"8",,intensity,"0.0",,,,,,,,,,,
Data,4,monitoring,steps,"2731",steps,timestamp_16,"7436",s,current_activity_type_intensity,"38",,activity_type,"6",,intensity,"1.0",,,,,,,,
Data,3,monitoring,timestamp_16,"7496",s,current_activity_type_intensity,"168",,activity_type,"8",,intensity,"5.0",,,,,,,,,,,
Data,4,monitoring,steps,"2817",steps,timestamp_16,"7736",s,current_activity_type_intensity,"102",,activity_type,"6",,intensity,"3.0",,,,,,,,
Data,3,monitoring,timestamp_16,"7976",s,current_activity_type_intensity,"200",,activity_type,"8",,intensity,"6.0",,,,,,,,,,,
Data,3,monitoring,timestamp_16,"8036",s,current_activity_type_intensity,"8",,activity_type,"8",,intensity,"0.0",,,,,,,,,,,
Data,3,monitoring,timestamp_16,"8096",s,current_activity_type_intensity,"40",,activity_type,"8",,intensity,"1.0",,,,,,,,,,,
Data,4,monitoring,steps,"2828",steps,timestamp_16,"8156",s,current_activity_type_intensity,"70",,activity_type,"6",,intensity,"2.0",,,,,,,,
Data,3,monitoring,timestamp_16,"8336",s,current_activity_type_intensity,"136",,activity_type,"8",,intensity,"4.0",,,,,,,,,,,
Data,3,monitoring,timestamp_16,"8396",s,current_activity_type_intensity,"8",,activity_type,"8",,intensity,"0.0",,,,,,,,,,,
Data,3,monitoring,timestamp_16,"8516",s,current_activity_type_intensity,"104",,activity_type,"8",,intensity,"3.0",,,,,,,,,,,
Data,4,monitoring,steps,"2845",steps,timestamp_16,"8576",s,current_activity_type_intensity,"134",,activity_type,"6",,intensity,"4.0",,,,,,,,
Data,3,monitoring,timestamp_16,"8636",s,current_activity_type_intensity,"168",,activity_type,"8",,intensity,"5.0",,,,,,,,,,,
Data,4,monitoring,steps,"2888",steps,timestamp_16,"8756",s,current_activity_type_intensity,"102",,activity_type,"6",,intensity,"3.0",,,,,,,,
Data,3,monitoring,timestamp_16,"9416",s,current_activity_type_intensity,"104",,activity_type,"8",,intensity,"3.0",,,,,,,,,,,
Data,3,monitoring,timestamp_16,"9476",s,current_activity_type_intensity,"8",,activity_type,"8",,intensity,"0.0",,,,,,,,,,,
Data,3,monitoring,timestamp_16,"9596",s,current_activity_type_intensity,"104",,activity_type,"8",,intensity,"3.0",,,,,,,,,,,
Data,4,monitoring,steps,"2896",steps,timestamp_16,"9656",s,current_activity_type_intensity,"70",,activity_type,"6",,intensity,"2.0",,,,,,,,
Data,3,monitoring,timestamp_16,"9776",s,current_activity_type_intensity,"136",,activity_type,"8",,intensity,"4.0",,,,,,,,,,,
Data,6,event,timestamp,"788670000",s,data16,"2048",,event,"41",,event_type,"3",,data,"2048",,,,,,,,
Data,3,monitoring,timestamp_16,"10556",s,current_activity_type_intensity,"136",,activity_type,"8",,intensity,"4.0",,,,,,,,,,,
Data,3,monitoring,timestamp_16,"10616",s,current_activity_type_intensity,"8",,activity_type,"8",,intensity,"0.0",,,,,,,,,,,
Data,3,monitoring,timestamp_16,"10676",s,current_activity_type_intensity,"104",,activity_type,"8",,intensity,"3.0",,,,,,,,,,,
Data,4,monitoring,steps,"2902",steps,timestamp_16,"10736",s,current_activity_type_intensity,"38",,activity_type,"6",,intensity,"1.0",,,,,,,,
Data,3,monitoring,timestamp_16,"10916",s,current_activity_type_intensity,"136",,activity_type,"8",,intensity,"4.0",,,,,,,,,,,
Data,4,monitoring,steps,"2935",steps,timestamp_16,"10976",s,current_activity_type_intensity,"70",,activity_type,"6",,intensity,"2.0",,,,,,,,
Data,3,monitoring,timestamp_16,"11696",s,current_activity_type_intensity,"136",,activity_type,"8",,intensity,"4.0",,,,,,,,,,,
Data,3,monitoring,timestamp_16,"11996",s,current_activity_type_intensity,"8",,activity_type,"8",,intensity,"0.0",,,,,,,,,,,
Data,3,monitoring,timestamp_16,"12056",s,current_activity_type_intensity,"136",,activity_type,"8",,intensity,"4.0",,,,,,,,,,,
Data,4,monitoring,steps,"2942",steps,timestamp_16,"12116",s,current_activity_type_intensity,"38",,activity_type,"6",,intensity,"1.0",,,,,,,,
Data,3,monitoring,timestamp_16,"12236",s,current_activity_type_intensity,"136",,activity_type,"8",,intensity,"4.0",,,,,,,,,,,
Data,4,monitoring,steps,"2953",steps,timestamp_16,"12296",s,current_activity_type_intensity,"70",,activity_type,"6",,intensity,"2.0",,,,,,,,
Data,3,monitoring,timestamp_16,"12896",s,current_activity_type_intensity,"72",,activity_type,"8",,intensity,"2.0",,,,,,,,,,,
Data,3,monitoring,timestamp_16,"12956",s,current_activity_type_intensity,"8",,activity_type,"8",,intensity,"0.0",,,,,,,,,,,
Data,3,monitoring,timestamp_16,"13016",s,current_activity_type_intensity,"40",,activity_type,"8",,intensity,"1.0",,,,,,,,,,,
Data,3,monitoring,timestamp_16,"13196",s,current_activity_type_intensity,"8",,activity_type,"8",,intensity,"0.0",,,,,,,,,,,
Data,3,monitoring,timestamp_16,"13256",s,current_activity_type_intensity,"72",,activity_type,"8",,intensity,"2.0",,,,,,,,,,,
Data,4,monitoring,steps,"3016",steps,timestamp_16,"13316",s,current_activity_type_intensity,"70",,activity_type,"6",,intensity,"2.0",,,,,,,,
Data,3,monitoring,timestamp_16,"13436",s,current_activity_type_intensity,"168",,activity_type,"8",,intensity,"5.0",,,,,,,,,,,
Data,4,monitoring,steps,"3030",steps,timestamp_16,"13496",s,current_activity_type_intensity,"134",,activity_type,"6",,intensity,"4.0",,,,,,,,
Data,3,monitoring,timestamp_16,"15416",s,current_activity_type_intensity,"104",,activity_type,"8",,intensity,"3.0",,,,,,,,,,,
Data,4,monitoring,steps,"3057",steps,timestamp_16,"15476",s,current_activity_type_intensity,"38",,activity_type,"6",,intensity,"1.0",,,,,,,,
Data,3,monitoring,timestamp_16,"15596",s,current_activity_type_intensity,"168",,activity_type,"8",,intensity,"5.0",,,,,,,,,,,
Data,3,monitoring,timestamp_16,"15656",s,current_activity_type_intensity,"8",,activity_type,"8",,intensity,"0.0",,,,,,,,,,,
Data,3,monitoring,timestamp_16,"15716",s,current_activity_type_intensity,"200",,activity_type,"8",,intensity,"6.0",,,,,,,,,,,
Data,4,monitoring,steps,"3076",steps,timestamp_16,"15776",s,current_activity_type_intensity,"70",,activity_type,"6",,intensity,"2.0",,,,,,,,
Data,3,monitoring,timestamp_16,"16016",s,current_activity_type_intensity,"168",,activity_type,"8",,intensity,"5.0",,,,,,,,,,,
Data,3,monitoring,timestamp_16,"16076",s,current_activity_type_intensity,"8",,activity_type,"8",,intensity,"0.0",,,,,,,,,,,
Data,3,monitoring,timestamp_16,"16316",s,current_activity_type_intensity,"104",,activity_type,"8",,intensity,"3.0",,,,,,,,,,,
Data,3,monitoring,timestamp_16,"16376",s,current_activity_type_intensity,"8",,activity_type,"8",,intensity,"0.0",,,,,,,,,,,
Data,3,monitoring,timestamp_16,"16856",s,current_activity_type_intensity,"104",,activity_type,"8",,intensity,"3.0",,,,,,,,,,,
Data,3,monitoring,timestamp_16,"16976",s,current_activity_type_intensity,"8",,activity_type,"8",,intensity,"0.0",,,,,,,,,,,
Data,3,monitoring,timestamp_16,"17156",s,current_activity_type_intensity,"104",,activity_type,"8",,intensity,"3.0",,,,,,,,,,,
Data,3,monitoring,timestamp_16,"17216",s,current_activity_type_intensity,"8",,activity_type,"8",,intensity,"0.0",,,,,,,,,,,
Data,3,monitoring,timestamp_16,"17336",s,current_activity_type_intensity,"104",,activity_type,"8",,intensity,"3.0",,,,,,,,,,,
Data,3,monitoring,timestamp_16,"17456",s,current_activity_type_intensity,"8",,activity_type,"8",,intensity,"0.0",,,,,,,,,,,
Data,3,monitoring,timestamp_16,"17936",s,current_activity_type_intensity,"72",,activity_type,"8",,intensity,"2.0",,,,,,,,,,,
Data,3,monitoring,timestamp_16,"17996",s,current_activity_type_intensity,"8",,activity_type,"8",,intensity,"0.0",,,,,,,,,,,
Data,3,monitoring,timestamp_16,"18116",s,current_activity_type_intensity,"72",,activity_type,"8",,intensity,"2.0",,,,,,,,,,,
Data,3,monitoring,timestamp_16,"18176",s,current_activity_type_intensity,"8",,activity_type,"8",,intensity,"0.0",,,,,,,,,,,
Data,3,monitoring,timestamp_16,"18236",s,current_activity_type_intensity,"104",,activity_type,"8",,intensity,"3.0",,,,,,,,,,,
Data,3,monitoring,timestamp_16,"18296",s,current_activity_type_intensity,"8",,activity_type,"8",,intensity,"0.0",,,,,,,,,,,
Data,3,monitoring,timestamp_16,"18596",s,current_activity_type_intensity,"72",,activity_type,"8",,intensity,"2.0",,,,,,,,,,,
Data,3,monitoring,timestamp_16,"18656",s,current_activity_type_intensity,"8",,activity_type,"8",,intensity,"0.0",,,,,,,,,,,
Data,3,monitoring,timestamp_16,"18896",s,current_activity_type_intensity,"104",,activity_type,"8",,intensity,"3.0",,,,,,,,,,,
Data,3,monitoring,timestamp_16,"19076",s,current_activity_type_intensity,"8",,activity_type,"8",,intensity,"0.0",,,,,,,,,,,
Data,3,monitoring,timestamp_16,"19196",s,current_activity_type_intensity,"72",,activity_type,"8",,intensity,"2.0",,,,,,,,,,,
Data,3,monitoring,timestamp_16,"19316",s,current_activity_type_intensity,"8",,activity_type,"8",,intensity,"0.0",,,,,,,,,,,
Data,3,monitoring,timestamp_16,"19376",s,current_activity_type_intensity,"40",,activity_type,"8",,intensity,"1.0",,,,,,,,,,,
Data,3,monitoring,timestamp_16,"19436",s,current_activity_type_intensity,"8",,activity_type,"8",,intensity,"0.0",,,,,,,,,,,
Data,3,monitoring,timestamp_16,"19556",s,current_activity_type_intensity,"72",,activity_type,"8",,intensity,"2.0",,,,,,,,,,,
Data,3,monitoring,timestamp_16,"19676",s,current_activity_type_intensity,"8",,activity_type,"8",,intensity,"0.0",,,,,,,,,,,
Data,3,monitoring,timestamp_16,"19976",s,current_activity_type_intensity,"72",,activity_type,"8",,intensity,"2.0",,,,,,,,,,,
Data,3,monitoring,timestamp_16,"20096",s,current_activity_type_intensity,"8",,activity_type,"8",,intensity,"0.0",,,,,,,,,,,
Data,3,monitoring,timestamp_16,"20276",s,current_activity_type_intensity,"104",,activity_type,"8",,intensity,"3.0",,,,,,,,,,,
Data,4,monitoring,steps,"3142",steps,timestamp_16,"20516",s,current_activity_type_intensity,"102",,activity_type,"6",,intensity,"3.0",,,,,,,,
Data,3,monitoring,timestamp_16,"20576",s,current_activity_type_intensity,"232",,activity_type,"8",,intensity,"7.0",,,,,,,,,,,
Data,1,monitoring,timestamp,"788680800",s,steps,"3142",steps,active_time,"607.0",s,active_calories,"68",kcal,duration_min,"1440",min,activity_type,"6",,,,,
Data,1,monitoring,timestamp,"788680800",s,steps,"31",steps,active_time,"3.0",s,active_calories,"1",kcal,duration_min,"1440",min,activity_type,"1",,,,,
